datum,infekt_sum,infekt_ink,genesen,verstorben,holy_inzidenz,dt_iso
26.08.2022,34.274,0.0,32.963,121,"0,00",2022-08-26
19.08.2022,34.274,414.0,32.963,121,"399,05",2022-08-19
12.08.2022,33.86,452.0,32.481,121,"435,68",2022-08-12
05.08.2022,33.408,1.046,31.927,120,"1.008,23",2022-08-05
22.07.2022,32.362,621.0,30.603,120,"598,58",2022-07-22
15.07.2022,31.741,783.0,29.793,120,"754,73",2022-07-15
08.07.2022,30.958,727.0,28.991,120,"700,75",2022-07-08
01.07.2022,30.231,1.585,28.254,120,"1.527,77",2022-07-01
17.06.2022,28.646,537.0,27.714,119,"517,61",2022-06-17
10.06.2022,28.109,381.0,27.373,119,"367,24",2022-06-10
03.06.2022,27.728,286.0,27.174,118,"275,67",2022-06-03
27.05.2022,27.442,197.0,26.875,118,"189,89",2022-05-27
20.05.2022,27.245,306.0,26.516,113,"294,95",2022-05-20
13.05.2022,26.939,362.0,26.066,110,"348,93",2022-05-13
06.05.2022,26.577,471.0,25.466,108,"453,99",2022-05-06
05.05.2022,26.106,0.0,24.843,107,"684,36",2022-05-05
04.05.2022,26.106,0.0,24.843,107,"684,36",2022-05-04
03.05.2022,26.106,0.0,24.843,107,"684,36",2022-05-03
02.05.2022,26.106,0.0,24.843,107,"684,36",2022-05-02
29.04.2022,26.106,710.0,24.843,107,"684,36",2022-04-29
28.04.2022,25.396,0.0,23.944,104,"198,56",2022-04-28
27.04.2022,25.396,0.0,23.944,104,"373,99",2022-04-27
26.04.2022,25.396,0.0,23.944,104,"727,74",2022-04-26
25.04.2022,25.396,0.0,23.944,104,"727,74",2022-04-25
22.04.2022,25.396,206.0,23.944,104,"727,74",2022-04-22
21.04.2022,25.19,182.0,23.796,104,"529,18",2022-04-21
20.04.2022,25.008,367.0,23.606,103,"505,08",2022-04-20
19.04.2022,24.641,0.0,22.791,103,"325,80",2022-04-19
14.04.2022,24.641,157.0,22.791,103,"987,99",2022-04-14
13.04.2022,24.484,181.0,22.57,103,"930,16",2022-04-13
12.04.2022,24.303,56.0,22.257,103,"926,30",2022-04-12
11.04.2022,24.247,408.0,22.07,102,"946,54",2022-04-11
08.04.2022,23.839,223.0,21.655,102,"877,14",2022-04-08
07.04.2022,23.616,97.0,21.387,102,"929,19",2022-04-07
06.04.2022,23.519,177.0,21.157,102,"1.139,32",2022-04-06
05.04.2022,23.342,77.0,20.913,102,"1.245,35",2022-04-05
04.04.2022,23.265,336.0,20.725,102,"1.544,16",2022-04-04
01.04.2022,22.929,277.0,20.276,102,"1.282,94",2022-04-01
31.03.2022,22.652,315.0,20.041,102,"1.399,57",2022-03-31
30.03.2022,22.337,287.0,19.797,102,"1.413,07",2022-03-30
29.03.2022,22.05,387.0,19.418,101,"1.395,72",2022-03-29
28.03.2022,21.663,65.0,19.327,101,"1.137,39",2022-03-28
25.03.2022,21.598,398.0,18.992,101,"1.425,60",2022-03-25
24.03.2022,21.2,329.0,18.77,101,"1.327,28",2022-03-24
23.03.2022,20.871,269.0,18.6,100,"1.327,28",2022-03-23
22.03.2022,20.602,119.0,18.375,99,"1.235,71",2022-03-22
21.03.2022,20.483,364.0,17.84,99,"1.255,95",2022-03-21
18.03.2022,20.119,296.0,17.84,99,"1.144,14",2022-03-18
17.03.2022,19.823,329.0,17.681,99,"1.042,93",2022-03-17
16.03.2022,19.494,174.0,17.543,99,"929,19",2022-03-16
15.03.2022,19.32,140.0,17.39,99,"970,64",2022-03-15
14.03.2022,19.18,248.0,17.301,99,"964,86",2022-03-14
11.03.2022,18.932,191.0,17.046,99,"1.079,56",2022-03-11
10.03.2022,18.741,211.0,16.907,98,"1.043,90",2022-03-10
09.03.2022,18.53,217.0,16.762,98,"965,82",2022-03-09
08.03.2022,18.313,134.0,16.556,98,"877,14",2022-03-08
07.03.2022,18.179,367.0,16.396,98,"1.105,58",2022-03-07
04.03.2022,17.812,154.0,16.082,98,"751,84",2022-03-04
03.03.2022,17.658,130.0,15.891,98,"772,08",2022-03-03
02.03.2022,17.528,125.0,15.676,98,"863,65",2022-03-02
01.03.2022,17.403,371.0,15.445,98,"891,60",2022-03-01
25.02.2022,17.032,175.0,14.818,98,"998,59",2022-02-25
24.02.2022,16.857,225.0,14.603,97,"1.078,60",2022-02-24
23.02.2022,16.632,154.0,14.376,97,"1.050,64",2022-02-23
22.02.2022,16.478,104.0,14.043,97,"1.116,19",2022-02-22
21.02.2022,16.374,378.0,13.82,97,"1.171,13",2022-02-21
18.02.2022,15.996,258.0,13.256,97,"1.289,69",2022-02-18
17.02.2022,15.738,196.0,12.953,95,"1.201,01",2022-02-17
16.02.2022,15.542,222.0,12.612,95,"1.233,78",2022-02-16
15.02.2022,15.32,161.0,12.189,95,"1.302,22",2022-02-15
14.02.2022,15.159,501.0,11.944,95,"1.416,92",2022-02-14
11.02.2022,14.658,166.0,11.326,95,"1.656,93",2022-02-11
10.02.2022,14.492,230.0,11.022,95,"1.911,40",2022-02-10
09.02.2022,14.262,293.0,10.706,94,"1.890,19",2022-02-09
08.02.2022,13.969,280.0,10.234,94,"1.875,73",2022-02-08
07.02.2022,13.689,750.0,10.041,94,"1.920,07",2022-02-07
04.02.2022,12.939,430.0,9.342,94,"1.776,45",2022-02-04
03.02.2022,12.509,208.0,9.159,94,"1.636,69",2022-02-03
02.02.2022,12.301,278.0,8.989,94,"1.788,98",2022-02-02
01.02.2022,12.023,326.0,8.756,94,"1.795,73",2022-02-01
31.01.2022,11.697,601.0,8.599,94,"1.748,50",2022-01-31
28.01.2022,11.096,285.0,8.357,93,"1.670,43",2022-01-28
27.01.2022,10.811,366.0,8.196,93,"1.626,09",2022-01-27
26.01.2022,10.445,285.0,8.091,93,"1.390,90",2022-01-26
25.01.2022,10.16,277.0,7.967,93,"1.371,62",2022-01-25
24.01.2022,9.883,520.0,7.884,93,"1.207,76",2022-01-24
21.01.2022,9.363,239.0,7.729,93,"992,81",2022-01-21
20.01.2022,9.124,122.0,7.66,92,"907,99",2022-01-20
19.01.2022,9.002,265.0,7.577,92,"873,29",2022-01-19
18.01.2022,8.737,107.0,7.512,92,"714,24",2022-01-18
17.01.2022,8.63,297.0,7.451,92,"637,13",2022-01-17
14.01.2022,8.333,151.0,7.385,92,"534,96",2022-01-14
13.01.2022,8.182,86.0,7.351,92,"472,31",2022-01-13
12.01.2022,8.096,100.0,7.32,92,"444,35",2022-01-12
11.01.2022,7.996,27.0,7.287,92,"413,51",2022-01-11
10.01.2022,7.969,191.0,7.258,92,"420,26",2022-01-10
07.01.2022,7.778,86.0,7.216,92,"370,13",2022-01-07
06.01.2022,7.692,57.0,7.18,92,"287,24",2022-01-06
05.01.2022,7.635,68.0,7.14,89,"236,15",2022-01-05
04.01.2022,7.567,34.0,7.088,89,"201,45",2022-01-04
03.01.2022,7.533,139.0,7.043,89,"182,18",2022-01-03
31.12.2021,7.394,0.0,6.881,89,"153,26",2021-12-31
30.12.2021,7.394,4.0,6.881,89,"153,26",2021-12-30
29.12.2021,7.39,32.0,6.842,89,"186,03",2021-12-29
28.12.2021,7.358,14.0,6.782,89,"210,13",2021-12-28
27.12.2021,7.344,109.0,6.752,89,"220,73",2021-12-27
23.12.2021,7.235,38.0,6.655,87,"278,56",2021-12-23
22.12.2021,7.197,57.0,6.607,83,"287,24",2021-12-22
21.12.2021,7.14,25.0,6.56,83,"280,49",2021-12-21
20.12.2021,7.115,122.0,6.518,83,"264,11",2021-12-20
17.12.2021,6.993,47.0,6.455,83,"235,19",2021-12-17
16.12.2021,6.946,47.0,6.414,83,"219,77",2021-12-16
15.12.2021,6.899,50.0,6.345,83,"210,13",2021-12-15
14.12.2021,6.849,8.0,6.273,83,"208,20",2021-12-14
13.12.2021,6.841,92.0,6.226,83,"225,55",2021-12-13
10.12.2021,6.749,31.0,6.128,83,"227,48",2021-12-10
09.12.2021,6.718,37.0,6.067,83,"370,13",2021-12-09
08.12.2021,6.681,48.0,6.029,81,"334,47",2021-12-08
07.12.2021,6.633,26.0,5.983,81,"288,20",2021-12-07
06.12.2021,6.607,94.0,5.953,81,"293,99",2021-12-06
03.12.2021,6.513,179.0,5.867,81,"308,45",2021-12-03
02.12.2021,6.334,0.0,5.774,79,"191,81",2021-12-02
01.12.2021,6.334,0.0,5.774,79,"228,44",2021-12-01
30.11.2021,6.334,32.0,5.774,79,"276,64",2021-11-30
29.11.2021,6.302,109.0,5.746,79,"267,96",2021-11-29
26.11.2021,6.193,58.0,5.697,79,"244,83",2021-11-26
25.11.2021,6.135,38.0,5.655,78,"217,84",2021-11-25
24.11.2021,6.097,50.0,5.61,78,"216,88",2021-11-24
23.11.2021,6.047,23.0,5.574,78,"205,31",2021-11-23
22.11.2021,6.024,85.0,5.547,78,"267,00",2021-11-22
19.11.2021,5.939,30.0,5.49,77,"185,07",2021-11-19
18.11.2021,5.909,37.0,5.457,77,"190,85",2021-11-18
17.11.2021,5.872,38.0,5.438,77,"198,56",2021-11-17
16.11.2021,5.834,87.0,5.424,77,"208,20",2021-11-16
15.11.2021,5.747,0.0,5.408,77,"129,16",2021-11-15
12.11.2021,5.747,36.0,5.408,77,"185,07",2021-11-12
11.11.2021,5.711,45.0,5.388,77,"174,46",2021-11-11
10.11.2021,5.666,48.0,5.367,77,"156,15",2021-11-10
09.11.2021,5.618,5.0,5.35,77,"111,81",2021-11-09
08.11.2021,5.613,58.0,5.34,77,"106,99",2021-11-08
05.11.2021,5.555,25.0,5.325,77,"78,08",2021-11-05
04.11.2021,5.53,26.0,5.311,76,"77,11",2021-11-04
03.11.2021,5.504,2.0,5.305,76,"71,33",2021-11-03
02.11.2021,5.502,28.0,5.294,76,"77,11",2021-11-02
29.10.2021,5.474,24.0,5.283,76,"74,22",2021-10-29
28.10.2021,5.45,20.0,5.276,76,"61,69",2021-10-28
27.10.2021,5.43,8.0,5.271,76,"56,87",2021-10-27
26.10.2021,5.422,5.0,5.267,76,"53,01",2021-10-26
25.10.2021,5.417,20.0,5.26,76,"49,16",2021-10-25
22.10.2021,5.397,11.0,5.252,76,"38,56",2021-10-22
21.10.2021,5.386,15.0,5.245,76,"36,63",2021-10-21
20.10.2021,5.371,4.0,5.236,76,"26,03",2021-10-20
19.10.2021,5.367,1.0,5.231,76,"27,95",2021-10-19
18.10.2021,5.366,9.0,5.227,76,"28,92",2021-10-18
15.10.2021,5.357,9.0,5.204,76,"30,84",2021-10-15
14.10.2021,5.348,4.0,5.197,76,"30,84",2021-10-14
13.10.2021,5.344,6.0,5.191,76,"34,70",2021-10-13
12.10.2021,5.338,2.0,5.186,76,"30,84",2021-10-12
11.10.2021,5.336,11.0,5.176,76,"30,84",2021-10-11
08.10.2021,5.325,9.0,5.147,76,"44,34",2021-10-08
07.10.2021,5.316,8.0,5.147,76,"43,38",2021-10-07
06.10.2021,5.308,2.0,5.139,76,"39,52",2021-10-06
05.10.2021,5.306,2.0,5.121,76,"51,09",2021-10-05
04.10.2021,5.304,25.0,5.119,76,"51,09",2021-10-04
01.10.2021,5.279,8.0,5.1,76,"53,01",2021-10-01
30.09.2021,5.271,4.0,5.094,76,"53,01",2021-09-30
29.09.2021,5.267,14.0,5.082,76,"62,65",2021-09-29
28.09.2021,5.253,2.0,5.068,75,"55,91",2021-09-28
27.09.2021,5.251,27.0,5.051,75,"55,91",2021-09-27
24.09.2021,5.224,8.0,5.021,75,"53,01",2021-09-24
23.09.2021,5.216,14.0,5.011,74,"52,05",2021-09-23
22.09.2021,5.202,7.0,4.989,74,"52,05",2021-09-22
21.09.2021,5.195,2.0,4.977,74,"68,44",2021-09-21
20.09.2021,5.193,24.0,4.964,74,"70,36",2021-09-20
17.09.2021,5.169,7.0,4.941,74,"74,22",2021-09-17
16.09.2021,5.162,14.0,4.921,74,"84,82",2021-09-16
15.09.2021,5.148,24.0,4.881,74,"88,68",2021-09-15
14.09.2021,5.124,4.0,4.861,73,"80,97",2021-09-14
13.09.2021,5.12,28.0,4.842,73,"108,92",2021-09-13
10.09.2021,5.092,18.0,4.815,73,"81,93",2021-09-10
09.09.2021,5.074,18.0,4.789,73,"91,57",2021-09-09
08.09.2021,5.056,16.0,4.774,73,"109,88",2021-09-08
07.09.2021,5.04,33.0,4.737,73,"119,52",2021-09-07
06.09.2021,5.007,0.0,4.671,72,"91,57",2021-09-06
03.09.2021,5.007,28.0,4.671,72,"130,13",2021-09-03
02.09.2021,4.979,37.0,4.652,72,"125,31",2021-09-02
01.09.2021,4.942,26.0,4.626,72,"113,74",2021-09-01
31.08.2021,4.916,4.0,4.595,72,"121,45",2021-08-31
30.08.2021,4.912,40.0,4.583,72,"119,52",2021-08-30
27.08.2021,4.872,23.0,4.569,71,"135,91",2021-08-27
26.08.2021,4.849,25.0,4.561,71,"135,91",2021-08-26
25.08.2021,4.824,34.0,4.558,71,"151,33",2021-08-25
24.08.2021,4.79,2.0,4.546,71,"127,23",2021-08-24
23.08.2021,4.788,57.0,4.543,71,"127,23",2021-08-23
20.08.2021,4.731,23.0,4.531,71,"93,50",2021-08-20
19.08.2021,4.708,41.0,4.525,71,"76,15",2021-08-19
18.08.2021,4.667,9.0,4.524,71,"44,34",2021-08-18
17.08.2021,4.658,2.0,4.518,71,"43,38",2021-08-17
16.08.2021,4.656,22.0,4.511,71,"44,34",2021-08-16
13.08.2021,4.634,5.0,4.504,71,"34,70",2021-08-13
12.08.2021,4.629,8.0,4.502,71,"32,77",2021-08-12
11.08.2021,4.621,8.0,4.499,71,"35,66",2021-08-11
10.08.2021,4.613,3.0,4.492,71,"27,95",2021-08-10
09.08.2021,4.61,12.0,4.491,71,"25,06",2021-08-09
06.08.2021,4.598,3.0,4.485,71,"22,17",2021-08-06
05.08.2021,4.595,11.0,4.479,71,"23,13",2021-08-05
04.08.2021,4.584,0.0,4.477,71,"18,31",2021-08-04
03.08.2021,4.584,0.0,4.477,71,"20,24",2021-08-03
02.08.2021,4.584,9.0,4.475,71,"22,17",2021-08-02
30.07.2021,4.575,4.0,4.464,71,"23,13",2021-07-30
29.07.2021,4.571,6.0,4.461,71,"22,17",2021-07-29
28.07.2021,4.565,2.0,4.457,71,"20,24",2021-07-28
27.07.2021,4.563,2.0,4.455,71,"17,35",2021-07-27
26.07.2021,4.561,10.0,4.452,71,"18,31",2021-07-26
23.07.2021,4.551,3.0,4.45,71,"19,28",2021-07-23
22.07.2021,4.548,4.0,4.448,70,"21,21",2021-07-22
21.07.2021,4.544,-1.0,4.448,70,"18,31",2021-07-21
20.07.2021,4.545,3.0,4.447,70,"21,21",2021-07-20
19.07.2021,4.542,11.0,4.447,70,"19,28",2021-07-19
16.07.2021,4.531,5.0,4.444,70,"12,53",2021-07-16
15.07.2021,4.526,1.0,4.442,70,"7,71",2021-07-15
14.07.2021,4.525,2.0,4.441,70,"6,75",2021-07-14
13.07.2021,4.523,1.0,4.441,70,"4,82",2021-07-13
12.07.2021,4.522,4.0,4.441,70,"4,82",2021-07-12
09.07.2021,4.518,0.0,4.44,70,"5,78",2021-07-09
08.07.2021,4.518,0.0,4.44,70,"6,75",2021-07-08
07.07.2021,4.518,0.0,4.439,70,"6,75",2021-07-07
06.07.2021,4.518,1.0,4.44,69,"6,75",2021-07-06
05.07.2021,4.517,5.0,4.441,68,"5,78",2021-07-05
02.07.2021,4.512,1.0,4.438,68,"1,93",2021-07-02
01.07.2021,4.511,0.0,4.437,68,"0,96",2021-07-01
30.06.2021,4.511,0.0,4.436,68,"1,93",2021-06-30
29.06.2021,4.511,0.0,4.434,68,"1,93",2021-06-29
28.06.2021,4.511,1.0,4.43,68,"1,93",2021-06-28
25.06.2021,4.51,0.0,4.425,68,"4,82",2021-06-25
24.06.2021,4.51,1.0,4.425,68,"4,82",2021-06-24
23.06.2021,4.509,0.0,4.423,68,"6,75",2021-06-23
22.06.2021,4.509,0.0,4.413,68,"11,57",2021-06-22
21.06.2021,4.509,4.0,4.407,67,"12,53",2021-06-21
18.06.2021,4.505,0.0,4.403,67,"13,49",2021-06-18
17.06.2021,4.505,3.0,4.403,67,"13,49",2021-06-17
16.06.2021,4.502,5.0,4.398,67,"20,24",2021-06-16
15.06.2021,4.497,1.0,4.39,67,"20,24",2021-06-15
14.06.2021,4.496,5.0,4.385,67,"24,10",2021-06-14
11.06.2021,4.491,0.0,4.366,67,"22,17",2021-06-11
10.06.2021,4.491,10.0,4.357,67,"22,17",2021-06-10
09.06.2021,4.481,5.0,4.346,67,"21,21",2021-06-09
08.06.2021,4.476,5.0,4.342,67,"23,13",2021-06-08
07.06.2021,4.471,3.0,4.341,67,"18,31",2021-06-07
04.06.2021,4.468,0.0,4.322,65,"41,45",2021-06-04
03.06.2021,4.468,9.0,4.315,65,"50,12",2021-06-03
02.06.2021,4.459,7.0,4.311,64,"47,23",2021-06-02
01.06.2021,4.452,0.0,4.3,63,"43,38",2021-06-01
31.05.2021,4.452,27.0,4.292,63,"46,27",2021-05-31
28.05.2021,4.425,9.0,4.269,61,"41,45",2021-05-28
27.05.2021,4.416,6.0,4.263,61,"37,59",2021-05-27
26.05.2021,4.41,3.0,4.253,61,"36,63",2021-05-26
25.05.2021,4.407,3.0,4.225,60,"52,05",2021-05-25
24.05.2021,4.404,22.0,4.211,60,"49,16",2021-05-24
21.05.2021,4.382,5.0,4.183,60,"53,01",2021-05-21
20.05.2021,4.377,5.0,4.171,60,"59,76",2021-05-20
19.05.2021,4.372,19.0,4.152,60,"78,08",2021-05-19
18.05.2021,4.353,0.0,4.122,60,"76,15",2021-05-18
17.05.2021,4.353,26.0,4.109,60,"82,89",2021-05-17
14.05.2021,4.327,12.0,4.065,60,"94,46",2021-05-14
13.05.2021,4.315,24.0,4.022,60,"97,35",2021-05-13
12.05.2021,4.291,17.0,3.995,58,"97,35",2021-05-12
11.05.2021,4.274,7.0,3.98,58,"98,32",2021-05-11
10.05.2021,4.267,38.0,3.904,58,"100,24",2021-05-10
07.05.2021,4.229,15.0,3.904,55,"114,70",2021-05-07
06.05.2021,4.214,24.0,3.86,54,"132,05",2021-05-06
05.05.2021,4.19,18.0,3.781,53,"137,84",2021-05-05
04.05.2021,4.172,9.0,3.744,53,"133,98",2021-05-04
03.05.2021,4.163,53.0,3.73,52,"139,76",2021-05-03
30.04.2021,4.11,33.0,3.671,52,"166,75",2021-04-30
29.04.2021,4.077,30.0,3.643,52,"196,63",2021-04-29
28.04.2021,4.047,14.0,3.616,51,"220,73",2021-04-28
27.04.2021,4.033,15.0,3.573,51,"236,15",2021-04-27
26.04.2021,4.018,81.0,3.562,51,"231,33",2021-04-26
23.04.2021,3.937,64.0,3.492,48,,2021-04-23
22.04.2021,3.873,55.0,3.439,47,,2021-04-22
21.04.2021,3.818,30.0,3.414,47,,2021-04-21
20.04.2021,3.788,10.0,3.404,47,,2021-04-20
19.04.2021,3.778,76.0,3.399,47,,2021-04-19
16.04.2021,3.702,26.0,3.363,47,,2021-04-16
15.04.2021,3.676,45.0,3.343,47,,2021-04-15
14.04.2021,3.631,20.0,3.296,46,,2021-04-14
13.04.2021,3.611,8.0,3.269,44,,2021-04-13
12.04.2021,3.603,102.0,3.253,44,,2021-04-12
09.04.2021,3.501,30.0,3.203,44,,2021-04-09
08.04.2021,3.471,15.0,3.181,44,,2021-04-08
07.04.2021,3.456,8.0,3.138,44,,2021-04-07
06.04.2021,3.448,7.0,3.088,44,,2021-04-06
05.04.2021,3.441,44.0,3.077,44,,2021-04-05
02.04.2021,3.397,38.0,3.017,44,,2021-04-02
01.04.2021,3.359,46.0,3.004,44,,2021-04-01
31.03.2021,3.313,18.0,2.972,44,,2021-03-31
30.03.2021,3.295,8.0,2.952,44,,2021-03-30
29.03.2021,3.287,53.0,2.947,44,,2021-03-29
26.03.2021,3.234,36.0,2.929,44,,2021-03-26
25.03.2021,3.198,52.0,2.921,42,,2021-03-25
24.03.2021,3.146,33.0,2.903,42,,2021-03-24
23.03.2021,3.113,3.0,2.889,41,,2021-03-23
22.03.2021,3.11,56.0,2.879,41,,2021-03-22
19.03.2021,3.054,26.0,2.863,40,,2021-03-19
18.03.2021,3.028,24.0,2.858,38,,2021-03-18
17.03.2021,3.004,11.0,2.847,38,,2021-03-17
16.03.2021,2.993,6.0,2.835,38,,2021-03-16
15.03.2021,2.987,18.0,2.83,38,,2021-03-15
12.03.2021,2.969,17.0,2.817,38,,2021-03-12
11.03.2021,2.952,17.0,2.81,38,,2021-03-11
10.03.2021,2.935,11.0,2.801,38,,2021-03-10
09.03.2021,2.924,3.0,2.79,38,,2021-03-09
08.03.2021,2.921,17.0,2.786,38,,2021-03-08
05.03.2021,2.904,15.0,2.776,38,,2021-03-05
04.03.2021,2.889,12.0,2.772,38,,2021-03-04
03.03.2021,2.877,5.0,2.755,38,,2021-03-03
02.03.2021,2.872,5.0,2.747,38,,2021-03-02
01.03.2021,2.867,16.0,2.743,38,,2021-03-01
26.02.2021,2.851,5.0,2.724,38,,2021-02-26
25.02.2021,2.846,16.0,2.715,37,,2021-02-25
24.02.2021,2.83,4.0,2.704,37,,2021-02-24
23.02.2021,2.826,1.0,2.699,37,,2021-02-23
22.02.2021,2.825,13.0,2.696,35,,2021-02-22
19.02.2021,2.812,10.0,2.67,35,,2021-02-19
18.02.2021,2.802,12.0,2.658,35,,2021-02-18
17.02.2021,2.79,7.0,2.648,35,,2021-02-17
16.02.2021,2.783,4.0,2.636,35,,2021-02-16
15.02.2021,2.779,22.0,2.631,35,,2021-02-15
12.02.2021,2.757,12.0,2.614,34,,2021-02-12
11.02.2021,2.745,1.0,2.604,34,,2021-02-11
10.02.2021,2.744,6.0,2.597,34,,2021-02-10
09.02.2021,2.738,3.0,2.582,34,,2021-02-09
08.02.2021,2.735,31.0,2.576,34,,2021-02-08
05.02.2021,2.704,12.0,2.542,34,,2021-02-05
04.02.2021,2.692,10.0,2.533,34,,2021-02-04
03.02.2021,2.682,10.0,2.513,34,,2021-02-03
02.02.2021,2.672,1.0,2.496,34,,2021-02-02
01.02.2021,2.671,16.0,2.487,32,,2021-02-01
29.01.2021,2.655,16.0,2.464,29,,2021-01-29
28.01.2021,2.639,13.0,2.458,29,,2021-01-28
27.01.2021,2.626,7.0,2.439,28,,2021-01-27
26.01.2021,2.619,2.0,2.41,28,,2021-01-26
25.01.2021,2.617,41.0,2.41,28,,2021-01-25
22.01.2021,2.576,17.0,2.368,27,,2021-01-22
21.01.2021,2.559,19.0,2.346,25,,2021-01-21
20.01.2021,2.54,11.0,2.299,24,,2021-01-20
19.01.2021,2.529,6.0,2.255,24,,2021-01-19
18.01.2021,2.523,32.0,2.243,24,,2021-01-18
15.01.2021,2.491,12.0,2.214,24,,2021-01-15
14.01.2021,2.479,20.0,2.205,24,,2021-01-14
13.01.2021,2.459,15.0,2.125,23,,2021-01-13
12.01.2021,2.444,7.0,2.116,19,,2021-01-12
11.01.2021,2.437,55.0,2.092,19,,2021-01-11
08.01.2021,2.382,19.0,2.03,19,,2021-01-08
07.01.2021,2.363,73.0,2.03,18,,2021-01-07
06.01.2021,2.29,15.0,2.011,18,,2021-01-06
05.01.2021,2.275,9.0,1.994,17,,2021-01-05
04.01.2021,2.266,32.0,1.968,16,,2021-01-04
01.01.2021,2.234,64.0,1.895,16,,2021-01-01
30.12.2020,2.17,13.0,1.677,16,,2020-12-30
29.12.2020,2.157,27.0,1.659,14,,2020-12-29
28.12.2020,2.13,29.0,1.651,14,,2020-12-28
27.12.2020,2.101,52.0,1.641,14,,2020-12-27
23.12.2020,2.049,20.0,1.528,12,,2020-12-23
22.12.2020,2.029,16.0,1.503,11,,2020-12-22
21.12.2020,2.013,68.0,1.49,10,,2020-12-21
18.12.2020,1.945,32.0,1.437,10,,2020-12-18
17.12.2020,1.913,43.0,1.409,10,,2020-12-17
16.12.2020,1.87,19.0,1.383,10,,2020-12-16
15.12.2020,1.851,29.0,1.342,8,,2020-12-15
14.12.2020,1.822,70.0,1.302,8,,2020-12-14
11.12.2020,1.752,35.0,1.262,7,,2020-12-11
10.12.2020,1.717,38.0,1.231,6,,2020-12-10
09.12.2020,1.679,24.0,1.202,6,,2020-12-09
08.12.2020,1.655,36.0,1.196,6,,2020-12-08
07.12.2020,1.619,67.0,1.181,6,,2020-12-07
04.12.2020,1.552,51.0,1.169,6,,2020-12-04
03.12.2020,1.501,44.0,1.167,6,,2020-12-03
02.12.2020,1.457,28.0,1.139,6,,2020-12-02
01.12.2020,1.429,24.0,1.126,6,,2020-12-01
30.11.2020,1.405,83.0,1.118,6,,2020-11-30
27.11.2020,1.322,25.0,1.109,6,,2020-11-27
26.11.2020,1.297,30.0,1.1,6,,2020-11-26
25.11.2020,1.267,36.0,1.079,6,,2020-11-25
24.11.2020,1.231,29.0,1.044,6,,2020-11-24
23.11.2020,1.202,53.0,1.014,6,,2020-11-23
20.11.2020,1.149,49.0,684.0,6,,2020-11-20
19.11.2020,1.1,28.0,654.0,5,,2020-11-19
18.11.2020,1.072,39.0,627.0,5,,2020-11-18
17.11.2020,1.033,42.0,598.0,5,,2020-11-17
16.11.2020,991.0,50.0,574.0,5,,2020-11-16
13.11.2020,941.0,45.0,562.0,5,,2020-11-13
12.11.2020,896.0,34.0,547.0,5,,2020-11-12
11.11.2020,862.0,47.0,530.0,5,,2020-11-11
10.11.2020,815.0,11.0,525.0,5,,2020-11-10
09.11.2020,804.0,11.0,521.0,5,,2020-11-09
06.11.2020,793.0,8.0,519.0,5,,2020-11-06
05.11.2020,785.0,19.0,519.0,5,,2020-11-05
04.11.2020,766.0,19.0,519.0,5,,2020-11-04
03.11.2020,747.0,30.0,502.0,5,,2020-11-03
02.11.2020,717.0,38.0,502.0,5,,2020-11-02
30.10.2020,679.0,20.0,501.0,5,,2020-10-30
29.10.2020,659.0,22.0,479.0,5,,2020-10-29
28.10.2020,637.0,15.0,476.0,5,,2020-10-28
27.10.2020,622.0,9.0,436.0,5,,2020-10-27
26.10.2020,613.0,32.0,436.0,5,,2020-10-26
23.10.2020,581.0,,432.0,5,,2020-10-23
22.10.2020,565.0,,423.0,5,,2020-10-22
21.10.2020,534.0,,423.0,5,,2020-10-21
20.10.2020,531.0,,422.0,5,,2020-10-20
19.10.2020,512.0,,417.0,5,,2020-10-19
16.10.2020,484.0,,417.0,5,,2020-10-16
15.10.2020,475.0,,393.0,5,,2020-10-15
14.10.2020,464.0,,393.0,5,,2020-10-14
13.10.2020,462.0,,393.0,5,,2020-10-13
12.10.2020,460.0,,392.0,5,,2020-10-12
09.10.2020,440.0,,389.0,5,,2020-10-09
08.10.2020,437.0,,386.0,5,,2020-10-08
07.10.2020,431.0,,384.0,5,,2020-10-07
06.10.2020,431.0,,383.0,5,,2020-10-06
05.10.2020,429.0,,379.0,5,,2020-10-05
02.10.2020,420.0,,379.0,5,,2020-10-02
01.10.2020,415.0,,370.0,5,,2020-10-01
30.09.2020,411.0,,370.0,5,,2020-09-30
29.09.2020,407.0,,369.0,5,,2020-09-29
28.09.2020,407.0,,368.0,5,,2020-09-28
25.09.2020,403.0,,364.0,5,,2020-09-25
24.09.2020,403.0,,357.0,5,,2020-09-24
23.09.2020,400.0,,357.0,5,,2020-09-23
22.09.2020,399.0,,342.0,5,,2020-09-22
21.09.2020,399.0,,342.0,5,,2020-09-21
18.09.2020,396.0,,342.0,5,,2020-09-18
17.09.2020,393.0,,342.0,5,,2020-09-17
16.09.2020,391.0,,340.0,5,,2020-09-16
15.09.2020,391.0,,340.0,5,,2020-09-15
14.09.2020,391.0,,338.0,5,,2020-09-14
11.09.2020,391.0,,338.0,5,,2020-09-11
10.09.2020,390.0,,338.0,5,,2020-09-10
09.09.2020,390.0,,338.0,5,,2020-09-09
08.09.2020,387.0,,338.0,5,,2020-09-08
07.09.2020,387.0,,338.0,5,,2020-09-07
04.09.2020,379.0,,338.0,5,,2020-09-04
03.09.2020,378.0,,338.0,5,,2020-09-03
02.09.2020,378.0,,337.0,5,,2020-09-02
01.09.2020,378.0,,337.0,5,,2020-09-01
31.08.2020,375.0,,337.0,5,,2020-08-31
28.08.2020,375.0,,332.0,5,,2020-08-28
27.08.2020,373.0,,328.0,5,,2020-08-27
26.08.2020,372.0,,328.0,5,,2020-08-26
25.08.2020,372.0,,319.0,5,,2020-08-25
24.08.2020,370.0,,311.0,5,,2020-08-24
21.08.2020,363.0,,311.0,5,,2020-08-21
20.08.2020,359.0,,310.0,5,,2020-08-20
19.08.2020,358.0,,309.0,5,,2020-08-19
18.08.2020,357.0,,293.0,5,,2020-08-18
17.08.2020,357.0,,288.0,5,,2020-08-17
14.08.2020,346.0,,287.0,5,,2020-08-14
13.08.2020,343.0,,282.0,5,,2020-08-13
12.08.2020,341.0,,282.0,5,,2020-08-12
11.08.2020,333.0,,282.0,5,,2020-08-11
10.08.2020,331.0,,279.0,5,,2020-08-10
07.08.2020,319.0,,272.0,5,,2020-08-07
06.08.2020,315.0,,271.0,5,,2020-08-06
05.08.2020,311.0,,271.0,5,,2020-08-05
04.08.2020,310.0,,271.0,5,,2020-08-04
03.08.2020,308.0,,271.0,5,,2020-08-03
31.07.2020,301.0,,270.0,5,,2020-07-31
30.07.2020,293.0,,270.0,5,,2020-07-30
29.07.2020,289.0,,270.0,5,,2020-07-29
28.07.2020,289.0,,269.0,5,,2020-07-28
27.07.2020,289.0,,265.0,5,,2020-07-27
24.07.2020,286.0,,261.0,5,,2020-07-24
23.07.2020,284.0,,253.0,5,,2020-07-23
22.07.2020,283.0,,252.0,5,,2020-07-22
21.07.2020,283.0,,242.0,5,,2020-07-21
20.07.2020,283.0,,235.0,5,,2020-07-20
17.07.2020,278.0,,230.0,5,,2020-07-17
16.07.2020,276.0,,216.0,5,,2020-07-16
15.07.2020,275.0,,209.0,4,,2020-07-15
14.07.2020,274.0,,206.0,4,,2020-07-14
13.07.2020,274.0,,200.0,4,,2020-07-13
10.07.2020,269.0,,188.0,4,,2020-07-10
09.07.2020,269.0,,179.0,4,,2020-07-09
08.07.2020,266.0,,165.0,4,,2020-07-08
07.07.2020,262.0,,156.0,4,,2020-07-07
06.07.2020,261.0,,145.0,4,,2020-07-06
03.07.2020,246.0,,143.0,4,,2020-07-03
02.07.2020,241.0,,135.0,4,,2020-07-02
01.07.2020,239.0,,135.0,4,,2020-07-01
30.06.2020,238.0,,122.0,4,,2020-06-30
29.06.2020,236.0,,122.0,4,,2020-06-29
26.06.2020,205.0,,122.0,4,,2020-06-26
25.06.2020,161.0,,122.0,4,,2020-06-25
24.06.2020,158.0,,120.0,4,,2020-06-24
23.06.2020,146.0,,120.0,4,,2020-06-23
22.06.2020,144.0,,120.0,4,,2020-06-22
19.06.2020,139.0,,120.0,4,,2020-06-19
18.06.2020,139.0,,111.0,4,,2020-06-18
17.06.2020,139.0,,111.0,4,,2020-06-17
16.06.2020,139.0,,108.0,4,,2020-06-16
15.06.2020,139.0,,108.0,4,,2020-06-15
12.06.2020,137.0,,107.0,4,,2020-06-12
10.06.2020,136.0,,105.0,4,,2020-06-10
09.06.2020,133.0,,105.0,4,,2020-06-09
08.06.2020,129.0,,102.0,4,,2020-06-08
05.06.2020,121.0,,102.0,4,,2020-06-05
04.06.2020,119.0,,102.0,4,,2020-06-04
03.06.2020,119.0,,101.0,4,,2020-06-03
02.06.2020,118.0,,100.0,4,,2020-06-02
29.05.2020,116.0,,100.0,4,,2020-05-29
28.05.2020,114.0,,96.0,4,,2020-05-28
27.05.2020,114.0,,89.0,4,,2020-05-27
26.05.2020,114.0,,89.0,4,,2020-05-26
25.05.2020,114.0,,83.0,4,,2020-05-25
22.05.2020,110.0,,83.0,4,,2020-05-22
20.05.2020,109.0,,83.0,4,,2020-05-20
19.05.2020,107.0,,81.0,4,,2020-05-19
18.05.2020,107.0,,81.0,4,,2020-05-18
15.05.2020,106.0,,81.0,4,,2020-05-15
14.05.2020,105.0,,80.0,4,,2020-05-14
13.05.2020,103.0,,79.0,4,,2020-05-13
12.05.2020,103.0,,79.0,4,,2020-05-12
11.05.2020,102.0,,79.0,4,,2020-05-11
08.05.2020,97.0,,73.0,4,,2020-05-08
07.05.2020,95.0,,73.0,4,,2020-05-07
06.05.2020,95.0,,70.0,4,,2020-05-06
05.05.2020,95.0,,70.0,4,,2020-05-05
04.05.2020,95.0,,68.0,4,,2020-05-04
02.05.2020,95.0,,68.0,4,,2020-05-02
30.04.2020,93.0,,64.0,3,,2020-04-30
29.04.2020,91.0,,63.0,3,,2020-04-29
28.04.2020,90.0,,63.0,3,,2020-04-28
27.04.2020,89.0,,63.0,3,,2020-04-27
24.04.2020,88.0,,62.0,3,,2020-04-24
23.04.2020,87.0,,61.0,3,,2020-04-23
22.04.2020,85.0,,59.0,3,,2020-04-22
21.04.2020,85.0,,57.0,3,,2020-04-21
20.04.2020,82.0,,56.0,3,,2020-04-20
17.04.2020,77.0,,48.0,3,,2020-04-17
16.04.2020,74.0,,47.0,3,,2020-04-16
15.04.2020,72.0,,47.0,2,,2020-04-15
14.04.2020,69.0,,44.0,2,,2020-04-14
13.04.2020,69.0,,44.0,2,,2020-04-13
09.04.2020,62.0,,40.0,1,,2020-04-09
08.04.2020,57.0,,38.0,0,,2020-04-08
07.04.2020,56.0,,33.0,0,,2020-04-07
06.04.2020,54.0,,31.0,0,,2020-04-06
03.04.2020,47.0,,27.0,0,,2020-04-03
02.04.2020,45.0,,26.0,0,,2020-04-02
01.04.2020,45.0,,26.0,0,,2020-04-01
31.03.2020,43.0,,21.0,0,,2020-03-31
30.03.2020,43.0,,0.0,0,,2020-03-30
27.03.2020,36.0,,0.0,0,,2020-03-27
26.03.2020,35.0,,0.0,0,,2020-03-26
25.03.2020,29.0,,0.0,0,,2020-03-25
24.03.2020,29.0,,0.0,0,,2020-03-24
23.03.2020,28.0,,0.0,0,,2020-03-23
20.03.2020,26.0,,0.0,0,,2020-03-20
19.03.2020,24.0,,0.0,0,,2020-03-19
13.03.2020,10.0,,0.0,0,,2020-03-13
12.03.2020,4.0,,0.0,0,,2020-03-12
11.03.2020,3.0,,0.0,0,,2020-03-11
10.03.2020,2.0,,0.0,0,,2020-03-10
