isodat,Infektionen,Zuwachs,Genesen,Verstorben
2022-08-26,1366,00,13158,57
2022-08-19,1366,1530,13158,57
2022-08-12,13507,1930,130,57
2022-08-05,13314,3560,1279,57
2022-07-22,12958,2370,12249,56
2022-07-15,12721,3680,11916,56
2022-07-08,12353,2840,1157,56
2022-07-01,12069,6590,11255,56
2022-06-17,1141,1650,11093,55
2022-06-10,11245,1360,10967,55
2022-06-03,11109,970,10882,55
2022-05-27,11012,890,10768,56
2022-05-20,10923,1190,1064,55
2022-05-13,10804,1370,10493,55
2022-05-06,10667,1540,1023,53
2022-05-05,10513,00,9957,53
2022-05-04,10513,00,9957,53
2022-05-03,10513,00,9957,53
2022-05-02,10513,00,9957,53
2022-04-29,10513,2960,9957,53
2022-04-28,10217,00,9655,52
2022-04-27,10217,00,9655,52
2022-04-26,10217,00,9655,52
2022-04-25,10217,00,9655,52
2022-04-22,10217,940,9655,52
2022-04-21,10123,600,959,52
2022-04-20,10063,1460,9518,52
2022-04-19,9917,00,9153,52
2022-04-14,9917,500,9153,52
2022-04-13,9867,630,9052,52
2022-04-12,9804,290,8934,52
2022-04-11,9775,1830,8842,52
2022-04-08,9592,490,8649,52
2022-04-07,9543,570,8531,52
2022-04-06,9486,680,8439,52
2022-04-05,9418,470,8359,52
2022-04-04,9371,1570,8254,52
2022-04-01,9214,1330,809,52
2022-03-31,9081,1330,8007,52
2022-03-30,8948,1150,7909,52
2022-03-29,8833,1890,781,52
2022-03-28,8644,610,7766,52
2022-03-25,8583,1080,7649,52
2022-03-24,8475,950,7576,52
2022-03-23,838,1300,7502,52
2022-03-22,825,670,7431,52
2022-03-21,8183,1230,725,52
2022-03-18,806,1120,725,51
2022-03-17,7948,980,7199,51
2022-03-16,785,680,713,51
2022-03-15,7782,590,709,51
2022-03-14,7723,820,7045,51
2022-03-11,7641,770,6973,50
2022-03-10,7564,870,6924,49
2022-03-09,7477,660,6869,49
2022-03-08,7411,380,6806,49
2022-03-07,7373,1210,6735,49
2022-03-04,7252,460,6622,49
2022-03-03,7206,630,6535,49
2022-03-02,7143,330,6474,49
2022-03-01,711,1150,6364,49
2022-02-25,6995,740,6119,49
2022-02-24,6921,650,599,49
2022-02-23,6856,790,59,49
2022-02-22,6777,460,5786,49
2022-02-21,6731,1510,5681,49
2022-02-18,658,740,5407,49
2022-02-17,6506,1030,5294,49
2022-02-16,6403,860,5128,49
2022-02-15,6317,310,4924,49
2022-02-14,6286,2300,4833,49
2022-02-11,6056,1040,4602,47
2022-02-10,5952,1130,4482,47
2022-02-09,5839,1070,4314,47
2022-02-08,5732,1220,41,47
2022-02-07,561,3530,4046,47
2022-02-04,5257,1700,3731,47
2022-02-03,5087,1070,3655,47
2022-02-02,498,920,3574,47
2022-02-01,4888,1410,3473,47
2022-01-31,4747,2050,3424,47
2022-01-28,4542,1420,3311,47
2022-01-27,44,1770,3241,47
2022-01-26,4223,1240,3199,47
2022-01-25,4099,1200,3165,47
2022-01-24,3979,2240,3146,47
2022-01-21,3755,940,3101,47
2022-01-20,3661,900,3082,47
2022-01-19,3571,1050,3066,47
2022-01-18,3466,390,3041,47
2022-01-17,3427,1170,303,47
2022-01-14,331,700,301,47
2022-01-13,324,180,2993,47
2022-01-12,3222,290,2982,47
2022-01-11,3193,60,2974,47
2022-01-10,3187,590,297,47
2022-01-07,3128,200,2956,47
2022-01-06,3108,160,2951,47
2022-01-05,3092,150,2937,47
2022-01-04,3077,70,2925,47
2022-01-03,307,500,2913,47
2021-12-31,302,00,2846,47
2021-12-30,302,10,2846,47
2021-12-29,3019,30,2823,47
2021-12-28,3016,30,2796,47
2021-12-27,3013,240,2776,47
2021-12-23,2989,140,2712,47
2021-12-22,2975,110,2699,46
2021-12-21,2964,40,2679,45
2021-12-20,296,530,2664,45
2021-12-17,2907,230,2634,45
2021-12-16,2884,240,262,45
2021-12-15,286,390,2607,45
2021-12-14,2821,40,258,45
2021-12-13,2817,510,2564,45
2021-12-10,2766,240,2496,45
2021-12-09,2742,40,2486,44
2021-12-08,2738,270,2463,44
2021-12-07,2711,100,2436,44
2021-12-06,2701,340,2412,43
2021-12-03,2667,520,2354,43
2021-12-02,2615,00,2282,42
2021-12-01,2615,00,2282,42
2021-11-30,2615,180,2282,42
2021-11-29,2597,650,2267,42
2021-11-26,2532,140,2226,42
2021-11-25,2518,230,2209,42
2021-11-24,2495,350,2193,42
2021-11-23,246,70,2167,42
2021-11-22,2453,590,216,42
2021-11-19,2394,290,2128,42
2021-11-18,2365,280,2115,42
2021-11-17,2337,240,2108,42
2021-11-16,2313,560,2101,42
2021-11-15,2257,00,2086,42
2021-11-12,2257,110,2086,42
2021-11-11,2246,220,2083,42
2021-11-10,2224,230,2073,42
2021-11-09,2201,30,2061,42
2021-11-08,2198,310,2058,42
2021-11-05,2167,150,2047,42
2021-11-04,2152,60,2045,42
2021-11-03,2146,40,204,41
2021-11-02,2142,160,2035,41
2021-10-29,2126,60,2029,40
2021-10-28,212,130,2027,40
2021-10-27,2107,80,2025,40
2021-10-26,2099,20,2023,40
2021-10-25,2097,100,2019,40
2021-10-22,2087,40,2016,40
2021-10-21,2083,40,2014,40
2021-10-20,2079,70,2011,40
2021-10-19,2072,00,2009,40
2021-10-18,2072,40,2008,40
2021-10-15,2068,30,2003,40
2021-10-14,2065,20,2002,40
2021-10-13,2063,40,2001,40
2021-10-12,2059,10,20,40
2021-10-11,2058,40,1998,40
2021-10-08,2054,20,1994,40
2021-10-07,2052,10,1993,40
2021-10-06,2051,10,1987,40
2021-10-05,205,10,1986,40
2021-10-04,2049,80,1986,40
2021-10-01,2041,-10,1982,40
2021-09-30,2042,20,1979,40
2021-09-29,204,20,1979,40
2021-09-28,2038,20,1975,40
2021-09-27,2036,30,1972,40
2021-09-24,2033,10,1966,40
2021-09-23,2032,50,1965,40
2021-09-22,2027,00,196,40
2021-09-21,2027,00,1957,40
2021-09-20,2027,50,1954,40
2021-09-17,2022,00,194,40
2021-09-16,2022,00,1936,40
2021-09-15,2022,70,1925,40
2021-09-14,2015,30,1918,40
2021-09-13,2012,40,1914,40
2021-09-10,2008,40,1898,40
2021-09-09,2004,60,188,40
2021-09-08,1998,30,1874,40
2021-09-07,1995,190,1863,40
2021-09-06,1976,00,1853,40
2021-09-03,1976,60,1853,40
2021-09-02,197,110,1844,40
2021-09-01,1959,80,1836,40
2021-08-31,1951,10,1831,40
2021-08-30,195,230,1827,40
2021-08-27,1927,100,1813,40
2021-08-26,1917,110,1812,40
2021-08-25,1906,50,1808,40
2021-08-24,1901,00,1802,40
2021-08-23,1901,130,1799,40
2021-08-20,1888,90,1798,40
2021-08-19,1879,50,1797,40
2021-08-18,1874,70,1796,40
2021-08-17,1867,20,1795,40
2021-08-16,1865,130,1795,40
2021-08-13,1852,20,1793,40
2021-08-12,185,40,1792,40
2021-08-11,1846,70,1792,40
2021-08-10,1839,00,1788,40
2021-08-09,1839,10,1788,40
2021-08-06,1838,10,1784,40
2021-08-05,1837,40,1779,40
2021-08-04,1833,00,1775,40
2021-08-03,1833,00,1775,40
2021-08-02,1833,20,1774,40
2021-07-30,1831,20,1769,40
2021-07-29,1829,00,1767,40
2021-07-28,1829,50,1767,40
2021-07-27,1824,00,1767,40
2021-07-26,1824,50,1766,40
2021-07-23,1819,30,1765,40
2021-07-22,1816,00,1763,40
2021-07-21,1816,30,1763,40
2021-07-20,1813,00,176,40
2021-07-19,1813,40,176,40
2021-07-16,1809,20,1759,40
2021-07-15,1807,00,1759,40
2021-07-14,1807,00,1759,40
2021-07-13,1807,10,1758,40
2021-07-12,1806,30,1758,40
2021-07-09,1803,00,1758,40
2021-07-08,1803,10,1758,40
2021-07-07,1802,20,1758,40
2021-07-06,18,00,1758,40
2021-07-05,18,10,1758,40
2021-07-02,1799,00,1758,40
2021-07-01,1799,00,1758,40
2021-06-30,1799,10,1758,40
2021-06-29,1798,00,1758,40
2021-06-28,1798,00,1758,40
2021-06-25,1798,00,1757,40
2021-06-24,1798,00,1757,40
2021-06-23,1798,00,1756,40
2021-06-22,1798,00,1754,40
2021-06-21,1798,00,1755,39
2021-06-18,1798,10,1748,39
2021-06-17,1797,00,1747,39
2021-06-16,1797,00,1744,39
2021-06-15,1797,00,1742,39
2021-06-14,1797,10,1742,39
2021-06-11,1796,-10,1741,39
2021-06-10,1797,20,1741,39
2021-06-09,1795,40,174,39
2021-06-08,1791,00,1738,39
2021-06-07,1791,40,1738,39
2021-06-04,1787,20,1734,39
2021-06-03,1785,20,1734,39
2021-06-02,1783,10,1732,39
2021-06-01,1782,00,1724,39
2021-05-31,1782,20,1723,39
2021-05-28,178,00,172,39
2021-05-27,178,40,1719,39
2021-05-26,1776,00,1709,39
2021-05-25,1776,00,1706,38
2021-05-24,1776,40,17,38
2021-05-21,1772,00,1694,38
2021-05-20,1772,20,1689,38
2021-05-19,177,80,1684,37
2021-05-18,1762,00,1672,37
2021-05-17,1762,10,167,37
2021-05-14,1761,90,1655,37
2021-05-13,1752,50,1642,37
2021-05-12,1747,70,1629,37
2021-05-11,174,10,1607,37
2021-05-10,1739,90,1603,37
2021-05-07,173,20,158,37
2021-05-06,1728,140,157,36
2021-05-05,1714,90,1556,36
2021-05-04,1705,00,1527,36
2021-05-03,1705,160,1525,36
2021-04-30,1689,140,1505,36
2021-04-29,1675,160,1496,36
2021-04-28,1659,160,1488,35
2021-04-27,1643,30,1473,35
2021-04-26,164,280,1469,35
2021-04-23,1612,170,1444,35
2021-04-22,1595,140,1423,35
2021-04-21,1581,210,1402,35
2021-04-20,156,00,139,34
2021-04-19,156,250,1388,34
2021-04-16,1535,90,1376,34
2021-04-15,1526,140,1368,34
2021-04-14,1512,130,1355,34
2021-04-13,1499,20,1342,34
2021-04-12,1497,340,1339,34
2021-04-09,1463,220,1317,34
2021-04-08,1441,140,1311,34
2021-04-07,1427,50,1292,34
2021-04-06,1422,10,1268,34
2021-04-05,1421,170,1264,34
2021-04-02,1404,80,1251,34
2021-04-01,1396,130,1248,34
2021-03-31,1383,90,124,34
2021-03-30,1374,10,1234,34
2021-03-29,1373,220,1234,34
2021-03-26,1351,120,122,34
2021-03-25,1339,150,1216,34
2021-03-24,1324,240,1208,34
2021-03-23,13,10,1202,33
2021-03-22,1299,130,1199,33
2021-03-19,1286,40,1187,33
2021-03-18,1282,70,1185,33
2021-03-17,1275,60,118,33
2021-03-16,1269,00,1174,33
2021-03-15,1269,170,1173,33
2021-03-12,1252,60,1169,33
2021-03-11,1246,60,1164,33
2021-03-10,124,70,1163,33
2021-03-09,1233,60,1158,33
2021-03-08,1227,100,1156,33
2021-03-05,1217,30,1147,33
2021-03-04,1214,80,1142,33
2021-03-03,1206,00,1136,32
2021-03-02,1206,00,113,32
2021-03-01,1206,60,1128,32
2021-02-26,12,30,1116,32
2021-02-25,1197,40,1111,32
2021-02-24,1193,30,1104,32
2021-02-23,119,00,1103,32
2021-02-22,119,130,11,32
2021-02-19,1177,30,1086,32
2021-02-18,1174,80,1085,32
2021-02-17,1166,60,1081,31
2021-02-16,116,20,1069,31
2021-02-15,1158,140,1066,31
2021-02-12,1144,40,1057,30
2021-02-11,114,20,1054,30
2021-02-10,1138,30,1051,30
2021-02-09,1135,10,1041,30
2021-02-08,1134,130,1038,30
2021-02-05,1121,20,1028,30
2021-02-04,1119,90,1025,30
2021-02-03,111,100,1022,29
2021-02-02,11,00,1019,29
2021-02-01,11,130,1015,29
2021-01-29,1087,50,1006,26
2021-01-28,1082,30,1004,25
2021-01-27,1079,80,9940,25
2021-01-26,1071,20,9690,25
2021-01-25,1069,110,9640,25
2021-01-22,1058,30,9500,24
2021-01-21,1055,60,9390,24
2021-01-20,1049,50,9280,24
2021-01-19,1044,10,9000,23
2021-01-18,1043,140,8920,22
2021-01-15,1029,50,8870,19
2021-01-14,1024,130,8770,19
2021-01-13,1011,210,8570,18
2021-01-12,9900,10,8380,18
2021-01-11,9890,230,8360,17
2021-01-08,9660,90,8130,16
2021-01-07,9570,220,8130,14
2021-01-06,9350,180,7850,14
2021-01-05,9170,90,7630,13
2021-01-04,9080,90,7520,12
2021-01-01,8990,380,7160,12
2020-12-30,8610,190,6170,12
2020-12-29,8420,10,6110,12
2020-12-28,8410,50,6080,12
2020-12-27,8360,410,6030,12
2020-12-23,7950,270,5490,11
2020-12-22,7680,80,5260,11
2020-12-21,7600,370,5150,11
2020-12-18,7230,140,4800,11
2020-12-17,7090,310,4660,11
2020-12-16,6780,40,4530,11
2020-12-15,6740,80,4400,9
2020-12-14,6660,370,4320,9
2020-12-11,6290,130,4290,9
2020-12-10,6160,230,4190,9
2020-12-09,5930,160,4140,9
2020-12-08,5770,150,4140,9
2020-12-07,5620,380,4100,9
2020-12-04,5240,200,4050,9
2020-12-03,5040,150,4050,9
2020-12-02,4890,150,4000,9
2020-12-01,4740,80,3950,9
2020-11-30,4660,270,3890,9
2020-11-27,4390,80,3840,9
2020-11-26,4310,80,3790,9
2020-11-25,4230,40,3720,9
2020-11-24,4190,140,3680,9
2020-11-23,4050,220,3510,9
2020-11-20,3830,150,2080,9
2020-11-19,3680,60,1960,9
2020-11-18,3620,90,1900,9
2020-11-17,3530,90,1830,9
2020-11-16,3440,170,1770,8
2020-11-13,3270,130,1740,8
2020-11-12,3140,100,1650,8
2020-11-11,3040,90,1580,7
2020-11-10,2950,120,1550,7
2020-11-09,2830,40,1530,7
2020-11-06,2790,80,1520,7
2020-11-05,2710,110,1520,7
2020-11-04,2600,80,1520,7
2020-11-03,2520,130,1390,7
2020-11-02,2390,100,1390,7
2020-10-30,2290,70,1390,7
2020-10-29,2220,50,1390,7
2020-10-28,2170,50,1390,7
2020-10-27,2120,80,1390,7
2020-10-26,2040,80,1350,7
2020-10-23,1960,,1330,7
2020-10-22,1910,,1330,7
2020-10-21,1830,,1330,7
2020-10-20,1740,,1310,7
2020-10-19,1640,,1310,7
2020-10-16,1620,,1310,7
2020-10-15,1520,,1180,7
2020-10-14,1490,,1180,7
2020-10-13,1480,,1180,7
2020-10-12,1470,,1180,7
2020-10-09,1430,,1180,7
2020-10-08,1430,,1180,7
2020-10-07,1390,,1180,7
2020-10-06,1390,,1180,7
2020-10-05,1390,,1180,7
2020-10-02,1350,,1180,7
2020-10-01,1330,,1130,7
2020-09-30,1330,,1130,7
2020-09-29,1320,,1130,7
2020-09-28,1320,,1130,7
2020-09-25,1300,,1130,7
2020-09-24,1280,,1090,7
2020-09-23,1280,,1090,7
2020-09-22,1280,,1050,7
2020-09-21,1280,,1050,7
2020-09-18,1260,,1050,7
2020-09-17,1250,,1050,7
2020-09-16,1250,,1050,7
2020-09-15,1250,,1050,7
2020-09-14,1220,,1040,7
2020-09-11,1210,,1040,7
2020-09-10,1200,,1040,7
2020-09-09,1200,,1040,7
2020-09-08,1190,,1010,7
2020-09-07,1170,,970,7
2020-09-04,1160,,970,7
2020-09-03,1160,,960,7
2020-09-02,1160,,960,7
2020-09-01,1160,,950,7
2020-08-31,1160,,940,7
2020-08-28,1160,,930,7
2020-08-27,1140,,930,7
2020-08-26,1140,,920,7
2020-08-25,1120,,920,7
2020-08-24,1120,,890,7
2020-08-21,1100,,890,7
2020-08-20,1090,,870,7
2020-08-19,1090,,870,7
2020-08-18,1090,,840,7
2020-08-17,1090,,840,7
2020-08-14,1060,,820,7
2020-08-13,1060,,800,7
2020-08-12,1060,,780,7
2020-08-11,1060,,730,7
2020-08-10,1060,,720,7
2020-08-07,1020,,720,7
2020-08-06,1020,,720,7
2020-08-05,980,,720,7
2020-08-04,970,,700,7
2020-08-03,960,,690,7
2020-07-31,900,,680,7
2020-07-30,880,,680,7
2020-07-29,870,,680,7
2020-07-28,870,,680,7
2020-07-27,870,,680,7
2020-07-24,830,,680,7
2020-07-23,800,,670,7
2020-07-22,800,,670,7
2020-07-21,780,,670,7
2020-07-20,780,,660,7
2020-07-17,780,,630,7
2020-07-16,780,,630,7
2020-07-15,780,,620,7
2020-07-14,780,,600,7
2020-07-13,780,,590,7
2020-07-10,770,,590,7
2020-07-09,760,,580,7
2020-07-08,760,,570,7
2020-07-07,760,,570,7
2020-07-06,760,,520,7
2020-07-03,740,,510,7
2020-07-02,740,,510,7
2020-07-01,730,,510,7
2020-06-30,720,,500,7
2020-06-29,720,,480,7
2020-06-26,700,,470,7
2020-06-25,660,,460,7
2020-06-24,630,,460,7
2020-06-23,630,,440,7
2020-06-22,620,,440,7
2020-06-19,620,,440,7
2020-06-18,600,,440,7
2020-06-17,600,,440,7
2020-06-16,600,,440,7
2020-06-15,600,,440,7
2020-06-12,570,,440,7
2020-06-10,550,,440,7
2020-06-09,550,,440,7
2020-06-08,550,,420,7
2020-06-05,550,,420,7
2020-06-04,540,,420,7
2020-06-03,540,,400,7
2020-06-02,540,,380,7
2020-05-29,540,,360,7
2020-05-28,540,,350,7
2020-05-27,540,,350,7
2020-05-26,530,,330,7
2020-05-25,530,,320,7
2020-05-22,530,,320,7
2020-05-20,530,,320,7
2020-05-19,520,,320,7
2020-05-18,520,,320,7
2020-05-15,510,,310,7
2020-05-14,490,,300,7
2020-05-13,470,,300,7
2020-05-12,460,,280,7
2020-05-11,450,,260,7
2020-05-08,440,,240,7
2020-05-07,430,,230,7
2020-05-06,430,,230,7
2020-05-05,430,,220,7
2020-05-04,420,,170,7
2020-05-02,420,,160,7
2020-04-30,420,,140,7
2020-04-29,410,,110,7
2020-04-28,390,,110,6
2020-04-27,390,,110,6
2020-04-24,370,,110,6
2020-04-23,350,,110,5
2020-04-22,350,,100,5
2020-04-21,350,,90,5
2020-04-20,350,,90,4
2020-04-17,310,,90,4
2020-04-16,300,,70,4
2020-04-15,280,,70,4
2020-04-14,270,,70,3
2020-04-13,260,,70,3
2020-04-09,180,,70,1
2020-04-08,170,,60,1
2020-04-07,140,,60,1
2020-04-06,130,,60,1
2020-04-03,130,,50,1
2020-04-02,110,,50,1
2020-04-01,110,,40,1
2020-03-31,110,,40,1
2020-03-30,110,,00,1
2020-03-27,90,,00,1
2020-03-26,90,,00,1
2020-03-25,80,,00,1
2020-03-24,80,,00,1
2020-03-23,80,,00,1
2020-03-20,70,,00,0
2020-03-19,60,,00,0
2020-03-13,10,,00,0
2020-03-12,10,,00,0
2020-03-11,10,,00,0
2020-03-10,10,,00,0
